{
  "profile": {
    "name": "[LoRa-SIM]-SF8-500kHz-2SPC-FPA",
    "phy_params": {
      "spreading_factor": 8,
      "bandwidth": 500000.0,
      "samples_per_chip": 2
    },
    "frame_params": {
      "preamble_symbol_count": 8,
      "explicit_header": true,
      "sync_word": 0,
      "SYNC_WORD_LENGTH": 2,
      "SFD_LENGTH": 2.25,
      "HEADER_LENGTH": 2,
      "SYNC_SECTION_LENGTH": 14.25
    },
    "fold_mode": "FPA",
    "tx_sdr_params": null,
    "rx_sdr_params": null,
    "snr_map": [],
    "timestamp": "2025-07-26"
  },
  "channel_function": "sim_channel_sync_echo",
  "snr_points": [
    {
      "snr_db": -18.0,
      "ber": null,
      "ser": null,
      "fer": {
        "event_count": 401,
        "total_trial_count": 401,
        "p_hat": 1.0,
        "ci_low": 0.9905112020100799,
        "ci_high": 1.0,
        "rel_half_width": 0.004744398994960042,
        "conf_level": 0.95
      }
    },
    {
      "snr_db": -16.0,
      "ber": {
        "event_count": 5846,
        "total_trial_count": 24216,
        "p_hat": 0.24141063759497852,
        "ci_low": 0.23606205117409515,
        "ci_high": 0.24684125266075105,
        "rel_half_width": 0.022325448443453577,
        "conf_level": 0.95
      },
      "ser": {
        "event_count": 1556,
        "total_trial_count": 3027,
        "p_hat": 0.5140403039312851,
        "ci_low": 0.49622884344435086,
        "ci_high": 0.5318161734774757,
        "rel_half_width": 0.03461531105728432,
        "conf_level": 0.95
      },
      "fer": {
        "event_count": 398,
        "total_trial_count": 401,
        "p_hat": 0.9925187032418953,
        "ci_low": 0.9782380979030613,
        "ci_high": 0.9974524876180898,
        "rel_half_width": 0.009679610899153823,
        "conf_level": 0.95
      }
    },
    {
      "snr_db": -14.0,
      "ber": {
        "event_count": 154638,
        "total_trial_count": 1485248,
        "p_hat": 0.10411594561985608,
        "ci_low": 0.10362579763591313,
        "ci_high": 0.10460814143467893,
        "rel_half_width": 0.004717547311880997,
        "conf_level": 0.95
      },
      "ser": {
        "event_count": 46994,
        "total_trial_count": 185656,
        "p_hat": 0.2531240573964752,
        "ci_low": 0.25115136944690347,
        "ci_high": 0.2551069614892891,
        "rel_half_width": 0.007813544242043042,
        "conf_level": 0.95
      },
      "fer": {
        "event_count": 217,
        "total_trial_count": 401,
        "p_hat": 0.5411471321695761,
        "ci_low": 0.4922150989271382,
        "ci_high": 0.5892982917619708,
        "rel_half_width": 0.08970129107550198,
        "conf_level": 0.95
      }
    },
    {
      "snr_db": -12.0,
      "ber": {
        "event_count": 436200,
        "total_trial_count": 15377160,
        "p_hat": 0.028366746525366193,
        "ci_low": 0.028283885698353106,
        "ci_high": 0.02844984299527681,
        "rel_half_width": 0.0029252085144008213,
        "conf_level": 0.95
      },
      "ser": {
        "event_count": 178349,
        "total_trial_count": 1922145,
        "p_hat": 0.09278644431091307,
        "ci_low": 0.09237709892425681,
        "ci_high": 0.09319741734894747,
        "rel_half_width": 0.004420464814568697,
        "conf_level": 0.95
      },
      "fer": {
        "event_count": 95,
        "total_trial_count": 2000,
        "p_hat": 0.0475,
        "ci_low": 0.03901402059617837,
        "ci_high": 0.05772090719335553,
        "rel_half_width": 0.1969145957597596,
        "conf_level": 0.95
      }
    },
    {
      "snr_db": -10.0,
      "ber": {
        "event_count": 152090,
        "total_trial_count": 16135928,
        "p_hat": 0.009425550237953466,
        "ci_low": 0.009378520543778524,
        "ci_high": 0.009472813512880457,
        "rel_half_width": 0.0050019875084983305,
        "conf_level": 0.95
      },
      "ser": {
        "event_count": 75488,
        "total_trial_count": 2016991,
        "p_hat": 0.0374260470175623,
        "ci_low": 0.03716498779202218,
        "ci_high": 0.03768886822955414,
        "rel_half_width": 0.006998874838239352,
        "conf_level": 0.95
      },
      "fer": {
        "event_count": 1,
        "total_trial_count": 2000,
        "p_hat": 0.0005,
        "ci_low": 8.826773070546787e-05,
        "ci_high": 0.0028268625032662124,
        "rel_half_width": 2.7385947725607447,
        "conf_level": 0.95
      }
    },
    {
      "snr_db": -8.0,
      "ber": {
        "event_count": 55370,
        "total_trial_count": 16144000,
        "p_hat": 0.0034297571853320117,
        "ci_low": 0.0034013565052767865,
        "ci_high": 0.0034583941827417285,
        "rel_half_width": 0.008315118882012137,
        "conf_level": 0.95
      },
      "ser": {
        "event_count": 27727,
        "total_trial_count": 2018000,
        "p_hat": 0.0137398414271556,
        "ci_low": 0.013580153987391165,
        "ci_high": 0.01390138015019009,
        "rel_half_width": 0.011689587703830736,
        "conf_level": 0.95
      },
      "fer": {
        "event_count": 0,
        "total_trial_count": 2000,
        "p_hat": 0.0,
        "ci_low": 1.0842021724855044e-19,
        "ci_high": 0.0019170472812529331,
        "rel_half_width": 1.917047281252933,
        "conf_level": 0.95
      }
    },
    {
      "snr_db": -6.0,
      "ber": {
        "event_count": 13730,
        "total_trial_count": 16144000,
        "p_hat": 0.0008504707631318137,
        "ci_low": 0.0008363694387569667,
        "ci_high": 0.0008648096323413577,
        "rel_half_width": 0.016720265303219496,
        "conf_level": 0.95
      },
      "ser": {
        "event_count": 6912,
        "total_trial_count": 2018000,
        "p_hat": 0.003425173439048563,
        "ci_low": 0.0033455042098274905,
        "ci_high": 0.0035067332214077773,
        "rel_half_width": 0.023535890145328323,
        "conf_level": 0.95
      },
      "fer": {
        "event_count": 0,
        "total_trial_count": 2000,
        "p_hat": 0.0,
        "ci_low": 1.0842021724855044e-19,
        "ci_high": 0.0019170472812529331,
        "rel_half_width": 1.917047281252933,
        "conf_level": 0.95
      }
    },
    {
      "snr_db": -4.0,
      "ber": {
        "event_count": 1916,
        "total_trial_count": 16144000,
        "p_hat": 0.0001186818632309217,
        "ci_low": 0.00011348563382998886,
        "ci_high": 0.00012411598572426393,
        "rel_half_width": 0.044785073324941735,
        "conf_level": 0.95
      },
      "ser": {
        "event_count": 947,
        "total_trial_count": 2018000,
        "p_hat": 0.0004692765113974232,
        "ci_low": 0.0004403309821756217,
        "ci_high": 0.0005001238474092115,
        "rel_half_width": 0.06370749843790083,
        "conf_level": 0.95
      },
      "fer": {
        "event_count": 0,
        "total_trial_count": 2000,
        "p_hat": 0.0,
        "ci_low": 1.0842021724855044e-19,
        "ci_high": 0.0019170472812529331,
        "rel_half_width": 1.917047281252933,
        "conf_level": 0.95
      }
    }
  ]
}