{
  "profile": {
    "name": "[LoRa-SIM]-SF7-500kHz-2SPC-FPA",
    "phy_params": {
      "spreading_factor": 7,
      "bandwidth": 500000.0,
      "samples_per_chip": 2
    },
    "frame_params": {
      "preamble_symbol_count": 8,
      "explicit_header": true,
      "sync_word": 0,
      "SYNC_WORD_LENGTH": 2,
      "SFD_LENGTH": 2.25,
      "HEADER_LENGTH": 2,
      "SYNC_SECTION_LENGTH": 14.25
    },
    "fold_mode": "FPA",
    "tx_sdr_params": null,
    "rx_sdr_params": null,
    "snr_map": [],
    "timestamp": "2025-07-26"
  },
  "channel_function": "sim_channel_async_awgn",
  "snr_points": [
    {
      "snr_db": -18.0,
      "ber": {
        "event_count": 2440680,
        "total_trial_count": 5706631,
        "p_hat": 0.42769192541098244,
        "ci_low": 0.4272860558945238,
        "ci_high": 0.42809789227675427,
        "rel_half_width": 0.0009490901440918729,
        "conf_level": 0.95
      },
      "ser": {
        "event_count": 701998,
        "total_trial_count": 815233,
        "p_hat": 0.861101059451715,
        "ci_low": 0.860348627803437,
        "ci_high": 0.8618500880279544,
        "rel_half_width": 0.0008718257909666126,
        "conf_level": 0.95
      },
      "fer": null
    },
    {
      "snr_db": -16.0,
      "ber": {
        "event_count": 2052849,
        "total_trial_count": 5706631,
        "p_hat": 0.35973046093220323,
        "ci_low": 0.3593367985354444,
        "ci_high": 0.36012431217568985,
        "rel_half_width": 0.0010945884846735967,
        "conf_level": 0.95
      },
      "ser": {
        "event_count": 598782,
        "total_trial_count": 815233,
        "p_hat": 0.734491856929246,
        "ci_low": 0.7335321487379434,
        "ci_high": 0.7354493552331482,
        "rel_half_width": 0.001305124404796204,
        "conf_level": 0.95
      },
      "fer": null
    },
    {
      "snr_db": -14.0,
      "ber": {
        "event_count": 1409603,
        "total_trial_count": 5706631,
        "p_hat": 0.24701141531667284,
        "ci_low": 0.2466577424552633,
        "ci_high": 0.2473654287799457,
        "rel_half_width": 0.001432497206202214,
        "conf_level": 0.95
      },
      "ser": {
        "event_count": 424167,
        "total_trial_count": 815233,
        "p_hat": 0.5203015579595036,
        "ci_low": 0.5192169913768083,
        "ci_high": 0.5213859332171877,
        "rel_half_width": 0.0020843122677601388,
        "conf_level": 0.95
      },
      "fer": null
    },
    {
      "snr_db": -12.0,
      "ber": {
        "event_count": 662750,
        "total_trial_count": 5706631,
        "p_hat": 0.11613682398599104,
        "ci_low": 0.1158742155778235,
        "ci_high": 0.1163999491942078,
        "rel_half_width": 0.0022634234273864835,
        "conf_level": 0.95
      },
      "ser": {
        "event_count": 215834,
        "total_trial_count": 815233,
        "p_hat": 0.2647513042283617,
        "ci_low": 0.26379468367097547,
        "ci_high": 0.2657101418057143,
        "rel_half_width": 0.0036174668531314025,
        "conf_level": 0.95
      },
      "fer": null
    },
    {
      "snr_db": -10.0,
      "ber": {
        "event_count": 188544,
        "total_trial_count": 5706631,
        "p_hat": 0.033039458833066304,
        "ci_low": 0.03289312390734703,
        "ci_high": 0.03318642243391186,
        "rel_half_width": 0.004438609724916166,
        "conf_level": 0.95
      },
      "ser": {
        "event_count": 75277,
        "total_trial_count": 815233,
        "p_hat": 0.09233801870140193,
        "ci_low": 0.09171150433987373,
        "ci_high": 0.09296837493227235,
        "rel_half_width": 0.006805813088014314,
        "conf_level": 0.95
      },
      "fer": null
    },
    {
      "snr_db": -8.0,
      "ber": {
        "event_count": 52363,
        "total_trial_count": 5706631,
        "p_hat": 0.009175816694648734,
        "ci_low": 0.009097915428911018,
        "ci_high": 0.009254378763448414,
        "rel_half_width": 0.008525853324241156,
        "conf_level": 0.95
      },
      "ser": {
        "event_count": 25638,
        "total_trial_count": 815233,
        "p_hat": 0.03144867786264786,
        "ci_low": 0.031072028044266415,
        "ci_high": 0.03182974338090408,
        "rel_half_width": 0.012046855196059235,
        "conf_level": 0.95
      },
      "fer": null
    },
    {
      "snr_db": -6.0,
      "ber": {
        "event_count": 16192,
        "total_trial_count": 5706631,
        "p_hat": 0.002837400911325789,
        "ci_low": 0.002794092623338827,
        "ci_high": 0.0028813785358673574,
        "rel_half_width": 0.015381314670781882,
        "conf_level": 0.95
      },
      "ser": {
        "event_count": 8181,
        "total_trial_count": 815233,
        "p_hat": 0.01003516785998604,
        "ci_low": 0.009821103585029484,
        "ci_high": 0.010253849639035976,
        "rel_half_width": 0.021561475604808342,
        "conf_level": 0.95
      },
      "fer": null
    },
    {
      "snr_db": -4.0,
      "ber": {
        "event_count": 3547,
        "total_trial_count": 5706631,
        "p_hat": 0.0006215576230529011,
        "ci_low": 0.000601442412641397,
        "ci_high": 0.0006423451532380122,
        "rel_half_width": 0.03290341802559956,
        "conf_level": 0.95
      },
      "ser": {
        "event_count": 1758,
        "total_trial_count": 815233,
        "p_hat": 0.002156438711386806,
        "ci_low": 0.0020580627126614006,
        "ci_high": 0.0022595064645633866,
        "rel_half_width": 0.04670750688120355,
        "conf_level": 0.95
      },
      "fer": null
    }
  ]
}