{
  "profile": {
    "name": "[LoRa-SIM]-SF8-500kHz-2SPC-0FPA",
    "phy_params": {
      "spreading_factor": 8,
      "bandwidth": 500000.0,
      "samples_per_chip": 2
    },
    "frame_params": {
      "preamble_symbol_count": 8,
      "explicit_header": true,
      "sync_word": 0,
      "SYNC_WORD_LENGTH": 2,
      "SFD_LENGTH": 2.25,
      "HEADER_LENGTH": 2,
      "SYNC_SECTION_LENGTH": 14.25
    },
    "fold_mode": "0FPA",
    "tx_sdr_params": null,
    "rx_sdr_params": null,
    "snr_map": [],
    "timestamp": "2025-07-26"
  },
  "channel_function": "sim_channel_async_awgn",
  "snr_points": [
    {
      "snr_db": -18.0,
      "ber": {
        "event_count": 1089982,
        "total_trial_count": 3236872,
        "p_hat": 0.3367392964565791,
        "ci_low": 0.3362246480141394,
        "ci_high": 0.3372543324080246,
        "rel_half_width": 0.0015289044146618485,
        "conf_level": 0.95
      },
      "ser": {
        "event_count": 271306,
        "total_trial_count": 404609,
        "p_hat": 0.6705387176261527,
        "ci_low": 0.6690888514515327,
        "ci_high": 0.6719853455572273,
        "rel_half_width": 0.002159826143931544,
        "conf_level": 0.95
      },
      "fer": null
    },
    {
      "snr_db": -16.0,
      "ber": {
        "event_count": 657656,
        "total_trial_count": 3236872,
        "p_hat": 0.203176399931786,
        "ci_low": 0.20273842044009233,
        "ci_high": 0.20361508395197725,
        "rel_half_width": 0.0021573950325413094,
        "conf_level": 0.95
      },
      "ser": {
        "event_count": 163620,
        "total_trial_count": 404609,
        "p_hat": 0.4043904114836793,
        "ci_low": 0.4028791179295891,
        "ci_high": 0.40590352050312073,
        "rel_half_width": 0.0037394588096628365,
        "conf_level": 0.95
      },
      "fer": null
    },
    {
      "snr_db": -14.0,
      "ber": {
        "event_count": 224499,
        "total_trial_count": 3236872,
        "p_hat": 0.06935677407076955,
        "ci_low": 0.06908051333328462,
        "ci_high": 0.06963405696560611,
        "rel_half_width": 0.003990552038627628,
        "conf_level": 0.95
      },
      "ser": {
        "event_count": 55882,
        "total_trial_count": 404609,
        "p_hat": 0.1381135862029762,
        "ci_low": 0.1370539229198904,
        "ci_high": 0.13918012110067193,
        "rel_half_width": 0.007697281054076732,
        "conf_level": 0.95
      },
      "fer": null
    },
    {
      "snr_db": -12.0,
      "ber": {
        "event_count": 25362,
        "total_trial_count": 3236872,
        "p_hat": 0.007835342268708802,
        "ci_low": 0.007739872689853246,
        "ci_high": 0.007931980029699404,
        "rel_half_width": 0.012259026680516422,
        "conf_level": 0.95
      },
      "ser": {
        "event_count": 6320,
        "total_trial_count": 404609,
        "p_hat": 0.015620018338692417,
        "ci_low": 0.01524251286558846,
        "ci_high": 0.016006721373329078,
        "rel_half_width": 0.02446247152756515,
        "conf_level": 0.95
      },
      "fer": null
    },
    {
      "snr_db": -10.0,
      "ber": {
        "event_count": 1958,
        "total_trial_count": 16144000,
        "p_hat": 0.00012128344895936571,
        "ci_low": 0.000116029314497644,
        "ci_high": 0.00012677547527540438,
        "rel_half_width": 0.044301843614954935,
        "conf_level": 0.95
      },
      "ser": {
        "event_count": 486,
        "total_trial_count": 2018000,
        "p_hat": 0.0002408325074331021,
        "ci_low": 0.00022035391777930376,
        "ci_high": 0.00026321377360588984,
        "rel_half_width": 0.08898270479223323,
        "conf_level": 0.95
      },
      "fer": null
    },
    {
      "snr_db": -8.0,
      "ber": {
        "event_count": 0,
        "total_trial_count": 16144000,
        "p_hat": 0.0,
        "ci_low": 1.3234889800848443e-23,
        "ci_high": 2.3794957300672928e-07,
        "rel_half_width": 1.9207289533103185,
        "conf_level": 0.95
      },
      "ser": {
        "event_count": 0,
        "total_trial_count": 2018000,
        "p_hat": 0.0,
        "ci_low": 1.0587911840678754e-22,
        "ci_high": 1.903593413339155e-06,
        "rel_half_width": 1.920725754059207,
        "conf_level": 0.95
      },
      "fer": null
    },
    {
      "snr_db": -6.0,
      "ber": {
        "event_count": 0,
        "total_trial_count": 16144000,
        "p_hat": 0.0,
        "ci_low": 1.3234889800848443e-23,
        "ci_high": 2.3794957300672928e-07,
        "rel_half_width": 1.9207289533103185,
        "conf_level": 0.95
      },
      "ser": {
        "event_count": 0,
        "total_trial_count": 2018000,
        "p_hat": 0.0,
        "ci_low": 1.0587911840678754e-22,
        "ci_high": 1.903593413339155e-06,
        "rel_half_width": 1.920725754059207,
        "conf_level": 0.95
      },
      "fer": null
    },
    {
      "snr_db": -4.0,
      "ber": {
        "event_count": 0,
        "total_trial_count": 16144000,
        "p_hat": 0.0,
        "ci_low": 1.3234889800848443e-23,
        "ci_high": 2.3794957300672928e-07,
        "rel_half_width": 1.9207289533103185,
        "conf_level": 0.95
      },
      "ser": {
        "event_count": 0,
        "total_trial_count": 2018000,
        "p_hat": 0.0,
        "ci_low": 1.0587911840678754e-22,
        "ci_high": 1.903593413339155e-06,
        "rel_half_width": 1.920725754059207,
        "conf_level": 0.95
      },
      "fer": null
    }
  ]
}