{
  "profile": {
    "name": "[LoRa-SIM]-SF7-500kHz-2SPC-FPA",
    "phy_params": {
      "spreading_factor": 7,
      "bandwidth": 500000.0,
      "samples_per_chip": 2
    },
    "frame_params": {
      "preamble_symbol_count": 8,
      "explicit_header": true,
      "sync_word": 0,
      "SYNC_WORD_LENGTH": 2,
      "SFD_LENGTH": 2.25,
      "HEADER_LENGTH": 2,
      "SYNC_SECTION_LENGTH": 14.25
    },
    "fold_mode": "FPA",
    "tx_sdr_params": null,
    "rx_sdr_params": null,
    "snr_map": [],
    "timestamp": "2025-07-26"
  },
  "channel_function": "sim_channel_sync_roll",
  "snr_points": [
    {
      "snr_db": -18.0,
      "ber": null,
      "ser": null,
      "fer": {
        "event_count": 401,
        "total_trial_count": 401,
        "p_hat": 1.0,
        "ci_low": 0.9905112020100799,
        "ci_high": 1.0,
        "rel_half_width": 0.004744398994960042,
        "conf_level": 0.95
      }
    },
    {
      "snr_db": -16.0,
      "ber": null,
      "ser": null,
      "fer": {
        "event_count": 401,
        "total_trial_count": 401,
        "p_hat": 1.0,
        "ci_low": 0.9905112020100799,
        "ci_high": 1.0,
        "rel_half_width": 0.004744398994960042,
        "conf_level": 0.95
      }
    },
    {
      "snr_db": -14.0,
      "ber": {
        "event_count": 7344,
        "total_trial_count": 28462,
        "p_hat": 0.2580282481905699,
        "ci_low": 0.2529778759769749,
        "ci_high": 0.26314392846974183,
        "rel_half_width": 0.01969949523754984,
        "conf_level": 0.95
      },
      "ser": {
        "event_count": 2169,
        "total_trial_count": 4066,
        "p_hat": 0.5334481062469257,
        "ci_low": 0.5180895641783443,
        "ci_high": 0.5487435060412551,
        "rel_half_width": 0.028731887416919174,
        "conf_level": 0.95
      },
      "fer": {
        "event_count": 399,
        "total_trial_count": 401,
        "p_hat": 0.9950124688279302,
        "ci_low": 0.9819996192224749,
        "ci_high": 0.9986311717949856,
        "rel_half_width": 0.008357459375409512,
        "conf_level": 0.95
      }
    },
    {
      "snr_db": -12.0,
      "ber": {
        "event_count": 105970,
        "total_trial_count": 910784,
        "p_hat": 0.1163503091841754,
        "ci_low": 0.11569341390207287,
        "ci_high": 0.11701044072926199,
        "rel_half_width": 0.005659747861539195,
        "conf_level": 0.95
      },
      "ser": {
        "event_count": 34523,
        "total_trial_count": 130112,
        "p_hat": 0.26533294392523366,
        "ci_low": 0.26294089729164155,
        "ci_high": 0.2677388468859628,
        "rel_half_width": 0.009041375570146329,
        "conf_level": 0.95
      },
      "fer": {
        "event_count": 337,
        "total_trial_count": 401,
        "p_hat": 0.8403990024937655,
        "ci_low": 0.8013479255273113,
        "ci_high": 0.8729901247189524,
        "rel_half_width": 0.04262391969710402,
        "conf_level": 0.95
      }
    },
    {
      "snr_db": -10.0,
      "ber": {
        "event_count": 148985,
        "total_trial_count": 4525458,
        "p_hat": 0.032921529710363016,
        "ci_low": 0.03275753113274128,
        "ci_high": 0.03308632125134296,
        "rel_half_width": 0.00499354254638695,
        "conf_level": 0.95
      },
      "ser": {
        "event_count": 59508,
        "total_trial_count": 646494,
        "p_hat": 0.09204725797919239,
        "ci_low": 0.09134498217779377,
        "ci_high": 0.09275438185140814,
        "rel_half_width": 0.007655848227075728,
        "conf_level": 0.95
      },
      "fer": {
        "event_count": 224,
        "total_trial_count": 542,
        "p_hat": 0.4132841328413284,
        "ci_low": 0.3725801018545702,
        "ci_high": 0.4552087212899934,
        "rel_half_width": 0.09996587440624861,
        "conf_level": 0.95
      }
    },
    {
      "snr_db": -8.0,
      "ber": {
        "event_count": 227925,
        "total_trial_count": 24847326,
        "p_hat": 0.009173019261710496,
        "ci_low": 0.009135609569252136,
        "ci_high": 0.009210580720306031,
        "rel_half_width": 0.004086503522718825,
        "conf_level": 0.95
      },
      "ser": {
        "event_count": 111351,
        "total_trial_count": 3549618,
        "p_hat": 0.031369854446309436,
        "ci_low": 0.031189021448363146,
        "ci_high": 0.031551701762674245,
        "rel_half_width": 0.0057807140121073596,
        "conf_level": 0.95
      },
      "fer": {
        "event_count": 254,
        "total_trial_count": 2000,
        "p_hat": 0.127,
        "ci_low": 0.11311861187744657,
        "ci_high": 0.14231150539436807,
        "rel_half_width": 0.11493265164142324,
        "conf_level": 0.95
      }
    },
    {
      "snr_db": -6.0,
      "ber": {
        "event_count": 77564,
        "total_trial_count": 27323520,
        "p_hat": 0.0028387264891199964,
        "ci_low": 0.0028188471217492476,
        "ci_high": 0.0028587456499207966,
        "rel_half_width": 0.0070275400473536935,
        "conf_level": 0.95
      },
      "ser": {
        "event_count": 38838,
        "total_trial_count": 3903360,
        "p_hat": 0.009949889326119036,
        "ci_low": 0.009851908959632139,
        "ci_high": 0.010048834249022755,
        "rel_half_width": 0.009895853257064675,
        "conf_level": 0.95
      },
      "fer": {
        "event_count": 80,
        "total_trial_count": 2000,
        "p_hat": 0.04,
        "ci_low": 0.032256746939981165,
        "ci_high": 0.04950693655877153,
        "rel_half_width": 0.21562737023487957,
        "conf_level": 0.95
      }
    },
    {
      "snr_db": -4.0,
      "ber": {
        "event_count": 16671,
        "total_trial_count": 28262766,
        "p_hat": 0.0005898573409269283,
        "ci_low": 0.0005809736633315414,
        "ci_high": 0.0005988767775797906,
        "rel_half_width": 0.015175800152046462,
        "conf_level": 0.95
      },
      "ser": {
        "event_count": 8171,
        "total_trial_count": 4037538,
        "p_hat": 0.0020237580426487626,
        "ci_low": 0.0019803934711612064,
        "ci_high": 0.002068070198236882,
        "rel_half_width": 0.02166186007120731,
        "conf_level": 0.95
      },
      "fer": {
        "event_count": 14,
        "total_trial_count": 2000,
        "p_hat": 0.007,
        "ci_low": 0.004174346055921097,
        "ci_high": 0.011715862563394297,
        "rel_half_width": 0.5386797505337999,
        "conf_level": 0.95
      }
    }
  ]
}