{
  "profile": {
    "name": "[LoRa-SIM]-SF8-500kHz-2SPC-CPA",
    "phy_params": {
      "spreading_factor": 8,
      "bandwidth": 500000.0,
      "samples_per_chip": 2
    },
    "frame_params": {
      "preamble_symbol_count": 8,
      "explicit_header": true,
      "sync_word": 0,
      "SYNC_WORD_LENGTH": 2,
      "SFD_LENGTH": 2.25,
      "HEADER_LENGTH": 2,
      "SYNC_SECTION_LENGTH": 14.25
    },
    "fold_mode": "CPA",
    "tx_sdr_params": null,
    "rx_sdr_params": null,
    "snr_map": [],
    "timestamp": "2025-07-26"
  },
  "channel_function": "sim_channel_async_echo",
  "snr_points": [
    {
      "snr_db": -18.0,
      "ber": {
        "event_count": 1177782,
        "total_trial_count": 3236872,
        "p_hat": 0.36386424918872295,
        "ci_low": 0.36334029201432805,
        "ci_high": 0.36438852948943246,
        "rel_half_width": 0.0014404238358695217,
        "conf_level": 0.95
      },
      "ser": {
        "event_count": 303176,
        "total_trial_count": 404609,
        "p_hat": 0.7493061202296538,
        "ci_low": 0.747968294620295,
        "ci_high": 0.7506392119349123,
        "rel_half_width": 0.0017822604423668135,
        "conf_level": 0.95
      },
      "fer": null
    },
    {
      "snr_db": -16.0,
      "ber": {
        "event_count": 787366,
        "total_trial_count": 3236872,
        "p_hat": 0.2432490379601047,
        "ci_low": 0.24278194426929275,
        "ci_high": 0.24371674106462057,
        "rel_half_width": 0.0019214809710391028,
        "conf_level": 0.95
      },
      "ser": {
        "event_count": 211446,
        "total_trial_count": 404609,
        "p_hat": 0.5225934173486008,
        "ci_low": 0.5210541468048362,
        "ci_high": 0.5241322588813531,
        "rel_half_width": 0.0029450352552600058,
        "conf_level": 0.95
      },
      "fer": null
    },
    {
      "snr_db": -14.0,
      "ber": {
        "event_count": 341555,
        "total_trial_count": 3236872,
        "p_hat": 0.10552008235110934,
        "ci_low": 0.10518586388986909,
        "ci_high": 0.10585523713393466,
        "rel_half_width": 0.003171781281587187,
        "conf_level": 0.95
      },
      "ser": {
        "event_count": 103560,
        "total_trial_count": 404609,
        "p_hat": 0.25595080682832066,
        "ci_low": 0.2546084778178122,
        "ci_high": 0.2572977699227223,
        "rel_half_width": 0.005253533165679639,
        "conf_level": 0.95
      },
      "fer": null
    },
    {
      "snr_db": -12.0,
      "ber": {
        "event_count": 92278,
        "total_trial_count": 3236872,
        "p_hat": 0.028508387109530436,
        "ci_low": 0.02832764867576294,
        "ci_high": 0.028690244656729483,
        "rel_half_width": 0.006359461508177141,
        "conf_level": 0.95
      },
      "ser": {
        "event_count": 37817,
        "total_trial_count": 404609,
        "p_hat": 0.09346554327758404,
        "ci_low": 0.09257249021228224,
        "ci_high": 0.09436631574877054,
        "rel_half_width": 0.009596186324840593,
        "conf_level": 0.95
      },
      "fer": null
    },
    {
      "snr_db": -10.0,
      "ber": {
        "event_count": 30100,
        "total_trial_count": 3236872,
        "p_hat": 0.00929910110748896,
        "ci_low": 0.009195119128938833,
        "ci_high": 0.009404247793855326,
        "rel_half_width": 0.011244563452916575,
        "conf_level": 0.95
      },
      "ser": {
        "event_count": 14991,
        "total_trial_count": 404609,
        "p_hat": 0.03705058463850285,
        "ci_low": 0.03647295726693165,
        "ci_high": 0.03763700264118088,
        "rel_half_width": 0.01570886648087543,
        "conf_level": 0.95
      },
      "fer": null
    },
    {
      "snr_db": -8.0,
      "ber": {
        "event_count": 11239,
        "total_trial_count": 3236872,
        "p_hat": 0.003472179313856093,
        "ci_low": 0.003408684641118081,
        "ci_high": 0.0035368525249563527,
        "rel_half_width": 0.018456403349735508,
        "conf_level": 0.95
      },
      "ser": {
        "event_count": 5581,
        "total_trial_count": 404609,
        "p_hat": 0.013793563662696578,
        "ci_low": 0.013438773023696563,
        "ci_high": 0.014157586544533036,
        "rel_half_width": 0.02605612075363955,
        "conf_level": 0.95
      },
      "fer": null
    },
    {
      "snr_db": -6.0,
      "ber": {
        "event_count": 3077,
        "total_trial_count": 3777696,
        "p_hat": 0.0008145176319110908,
        "ci_low": 0.000786252896953466,
        "ci_high": 0.0008437975880640897,
        "rel_half_width": 0.03532439867238196,
        "conf_level": 0.95
      },
      "ser": {
        "event_count": 1537,
        "total_trial_count": 472212,
        "p_hat": 0.0032548939882933938,
        "ci_low": 0.0030964277911769366,
        "ci_high": 0.0034214421924142337,
        "rel_half_width": 0.049927033323704136,
        "conf_level": 0.95
      },
      "fer": null
    },
    {
      "snr_db": -4.0,
      "ber": {
        "event_count": 1992,
        "total_trial_count": 16144000,
        "p_hat": 0.00012338949454905848,
        "ci_low": 0.00011808893789635478,
        "ci_high": 0.0001289279420538138,
        "rel_half_width": 0.043921908413157205,
        "conf_level": 0.95
      },
      "ser": {
        "event_count": 999,
        "total_trial_count": 2018000,
        "p_hat": 0.0004950445986124876,
        "ci_low": 0.0004652903841690641,
        "ci_high": 0.0005267005217419757,
        "rel_half_width": 0.06202485366473257,
        "conf_level": 0.95
      },
      "fer": null
    }
  ]
}