{
  "profile": {
    "name": "[LoRa-SIM]-SF8-500kHz-2SPC-FPA",
    "phy_params": {
      "spreading_factor": 8,
      "bandwidth": 500000.0,
      "samples_per_chip": 2
    },
    "frame_params": {
      "preamble_symbol_count": 8,
      "explicit_header": true,
      "sync_word": 0,
      "SYNC_WORD_LENGTH": 2,
      "SFD_LENGTH": 2.25,
      "HEADER_LENGTH": 2,
      "SYNC_SECTION_LENGTH": 14.25
    },
    "fold_mode": "FPA",
    "tx_sdr_params": null,
    "rx_sdr_params": null,
    "snr_map": [],
    "timestamp": "2025-07-26"
  },
  "channel_function": "sim_channel_async_echo",
  "snr_points": [
    {
      "snr_db": -18.0,
      "ber": {
        "event_count": 1175743,
        "total_trial_count": 3236872,
        "p_hat": 0.3632343200472555,
        "ci_low": 0.3627105582855557,
        "ci_high": 0.36375840643044416,
        "rel_half_width": 0.001442385929765848,
        "conf_level": 0.95
      },
      "ser": {
        "event_count": 302780,
        "total_trial_count": 404609,
        "p_hat": 0.7483273975615965,
        "ci_low": 0.7469878511093803,
        "ci_high": 0.7496622286940106,
        "rel_half_width": 0.0017869034284623798,
        "conf_level": 0.95
      },
      "fer": null
    },
    {
      "snr_db": -16.0,
      "ber": {
        "event_count": 786744,
        "total_trial_count": 3236872,
        "p_hat": 0.24305687713323232,
        "ci_low": 0.242589909007696,
        "ci_high": 0.2435244551285778,
        "rel_half_width": 0.0019224844240253918,
        "conf_level": 0.95
      },
      "ser": {
        "event_count": 211207,
        "total_trial_count": 404609,
        "p_hat": 0.5220027236171217,
        "ci_low": 0.5204633774328489,
        "ci_high": 0.5235416520066631,
        "rel_half_width": 0.0029485234794216484,
        "conf_level": 0.95
      },
      "fer": null
    },
    {
      "snr_db": -14.0,
      "ber": {
        "event_count": 337036,
        "total_trial_count": 3236872,
        "p_hat": 0.10412398142404149,
        "ci_low": 0.10379172669505501,
        "ci_high": 0.10445717578834174,
        "rel_half_width": 0.003195465080117829,
        "conf_level": 0.95
      },
      "ser": {
        "event_count": 102677,
        "total_trial_count": 404609,
        "p_hat": 0.253768453000304,
        "ci_low": 0.25242992735548403,
        "ci_high": 0.2551116541682475,
        "rel_half_width": 0.005283806519402651,
        "conf_level": 0.95
      },
      "fer": null
    },
    {
      "snr_db": -12.0,
      "ber": {
        "event_count": 91900,
        "total_trial_count": 3236872,
        "p_hat": 0.0283916077002736,
        "ci_low": 0.02821123023544411,
        "ci_high": 0.028573104555717526,
        "rel_half_width": 0.006372909982655364,
        "conf_level": 0.95
      },
      "ser": {
        "event_count": 37600,
        "total_trial_count": 404609,
        "p_hat": 0.09292922302766374,
        "ci_low": 0.09203848749355115,
        "ci_high": 0.09382768815148093,
        "rel_half_width": 0.009626684694206281,
        "conf_level": 0.95
      },
      "fer": null
    },
    {
      "snr_db": -10.0,
      "ber": {
        "event_count": 30345,
        "total_trial_count": 3236872,
        "p_hat": 0.009374791465340614,
        "ci_low": 0.009270388731111046,
        "ci_high": 0.00948035872773085,
        "rel_half_width": 0.011198648919076305,
        "conf_level": 0.95
      },
      "ser": {
        "event_count": 15090,
        "total_trial_count": 404609,
        "p_hat": 0.037295265305517175,
        "ci_low": 0.0367157912609499,
        "ci_high": 0.037883525335116755,
        "rel_half_width": 0.015655258979939624,
        "conf_level": 0.95
      },
      "fer": null
    },
    {
      "snr_db": -8.0,
      "ber": {
        "event_count": 11108,
        "total_trial_count": 3236872,
        "p_hat": 0.003431708142923168,
        "ci_low": 0.0033685867632529867,
        "ci_high": 0.0034960081570163323,
        "rel_half_width": 0.018565301659774405,
        "conf_level": 0.95
      },
      "ser": {
        "event_count": 5564,
        "total_trial_count": 404609,
        "p_hat": 0.013751547790583008,
        "ci_low": 0.013397297614732972,
        "ci_high": 0.014115031007080264,
        "rel_half_width": 0.026096458496068058,
        "conf_level": 0.95
      },
      "fer": null
    },
    {
      "snr_db": -6.0,
      "ber": {
        "event_count": 3069,
        "total_trial_count": 3519392,
        "p_hat": 0.0008720256226075413,
        "ci_low": 0.0008417274003972344,
        "ci_high": 0.0009034134520380649,
        "rel_half_width": 0.035369403169815225,
        "conf_level": 0.95
      },
      "ser": {
        "event_count": 1535,
        "total_trial_count": 439924,
        "p_hat": 0.0034892390503814294,
        "ci_low": 0.0033192742984584243,
        "ci_high": 0.0036678748863435565,
        "rel_half_width": 0.04995366938917879,
        "conf_level": 0.95
      },
      "fer": null
    },
    {
      "snr_db": -4.0,
      "ber": {
        "event_count": 1661,
        "total_trial_count": 16144000,
        "p_hat": 0.00010288652130822596,
        "ci_low": 9.805638744100052e-05,
        "ci_high": 0.00010795455578485052,
        "rel_half_width": 0.048102356936518494,
        "conf_level": 0.95
      },
      "ser": {
        "event_count": 886,
        "total_trial_count": 2018000,
        "p_hat": 0.0004390485629335976,
        "ci_low": 0.0004110805450563424,
        "ci_high": 0.0004689185026842869,
        "rel_half_width": 0.06586738063949892,
        "conf_level": 0.95
      },
      "fer": null
    }
  ]
}