{
  "profile": {
    "name": "[LoRa-SIM]-SF7-500kHz-2SPC-FPA",
    "phy_params": {
      "spreading_factor": 7,
      "bandwidth": 500000.0,
      "samples_per_chip": 2
    },
    "frame_params": {
      "preamble_symbol_count": 8,
      "explicit_header": true,
      "sync_word": 0,
      "SYNC_WORD_LENGTH": 2,
      "SFD_LENGTH": 2.25,
      "HEADER_LENGTH": 2,
      "SYNC_SECTION_LENGTH": 14.25
    },
    "fold_mode": "FPA",
    "tx_sdr_params": null,
    "rx_sdr_params": null,
    "snr_map": [],
    "timestamp": "2025-07-26"
  },
  "channel_function": "sim_channel_async_echo",
  "snr_points": [
    {
      "snr_db": -18.0,
      "ber": {
        "event_count": 2487229,
        "total_trial_count": 5706631,
        "p_hat": 0.43584892732682384,
        "ci_low": 0.4354421304113584,
        "ci_high": 0.4362558106097234,
        "rel_half_width": 0.000933442928672034,
        "conf_level": 0.95
      },
      "ser": {
        "event_count": 716718,
        "total_trial_count": 815233,
        "p_hat": 0.8791572470692428,
        "ci_low": 0.8784479201823924,
        "ci_high": 0.8798630007197598,
        "rel_half_width": 0.0008047937624837287,
        "conf_level": 0.95
      },
      "fer": null
    },
    {
      "snr_db": -16.0,
      "ber": {
        "event_count": 2144930,
        "total_trial_count": 5706631,
        "p_hat": 0.37586625103322785,
        "ci_low": 0.3754689476836382,
        "ci_high": 0.3762637215057186,
        "rel_half_width": 0.0010572561647868113,
        "conf_level": 0.95
      },
      "ser": {
        "event_count": 627849,
        "total_trial_count": 815233,
        "p_hat": 0.7701466942579606,
        "ci_low": 0.7692321102417313,
        "ci_high": 0.7710587323701071,
        "rel_half_width": 0.001185892338430257,
        "conf_level": 0.95
      },
      "fer": null
    },
    {
      "snr_db": -14.0,
      "ber": {
        "event_count": 1558930,
        "total_trial_count": 5706631,
        "p_hat": 0.2731786933481418,
        "ci_low": 0.2728132551792191,
        "ci_high": 0.2735444368895769,
        "rel_half_width": 0.0013382846615822488,
        "conf_level": 0.95
      },
      "ser": {
        "event_count": 471601,
        "total_trial_count": 815233,
        "p_hat": 0.5784861505851702,
        "ci_low": 0.5774138700050567,
        "ci_high": 0.5795576914997039,
        "rel_half_width": 0.001852958357325072,
        "conf_level": 0.95
      },
      "fer": null
    },
    {
      "snr_db": -12.0,
      "ber": {
        "event_count": 820299,
        "total_trial_count": 5706631,
        "p_hat": 0.14374488205037264,
        "ci_low": 0.14345727865830765,
        "ci_high": 0.1440329650733947,
        "rel_half_width": 0.0020024588245350595,
        "conf_level": 0.95
      },
      "ser": {
        "event_count": 269880,
        "total_trial_count": 815233,
        "p_hat": 0.3310464615637493,
        "ci_low": 0.33002573321004247,
        "ci_high": 0.33206878216164204,
        "rel_half_width": 0.0030857435266773586,
        "conf_level": 0.95
      },
      "fer": null
    },
    {
      "snr_db": -10.0,
      "ber": {
        "event_count": 283717,
        "total_trial_count": 5706631,
        "p_hat": 0.04971707475040878,
        "ci_low": 0.049539042312216126,
        "ci_high": 0.04989571341043376,
        "rel_half_width": 0.003587008085332884,
        "conf_level": 0.95
      },
      "ser": {
        "event_count": 113338,
        "total_trial_count": 815233,
        "p_hat": 0.13902528479588044,
        "ci_low": 0.13827596937003364,
        "ci_high": 0.1397780021030782,
        "rel_half_width": 0.005402012789435637,
        "conf_level": 0.95
      },
      "fer": null
    },
    {
      "snr_db": -8.0,
      "ber": {
        "event_count": 96267,
        "total_trial_count": 5706631,
        "p_hat": 0.016869322722986645,
        "ci_low": 0.01676398698520948,
        "ci_high": 0.016975308905957286,
        "rel_half_width": 0.00626349748054352,
        "conf_level": 0.95
      },
      "ser": {
        "event_count": 46832,
        "total_trial_count": 815233,
        "p_hat": 0.057446153430982305,
        "ci_low": 0.05694312006903872,
        "ci_high": 0.05795335748858409,
        "rel_half_width": 0.008792907437737326,
        "conf_level": 0.95
      },
      "fer": null
    },
    {
      "snr_db": -6.0,
      "ber": {
        "event_count": 39362,
        "total_trial_count": 5706631,
        "p_hat": 0.006897589838908456,
        "ci_low": 0.006830015650601656,
        "ci_high": 0.0069658278974840376,
        "rel_half_width": 0.009844905978337641,
        "conf_level": 0.95
      },
      "ser": {
        "event_count": 19766,
        "total_trial_count": 815233,
        "p_hat": 0.024245829106525375,
        "ci_low": 0.023914179899502785,
        "ci_high": 0.024581961894179556,
        "rel_half_width": 0.013771069484628346,
        "conf_level": 0.95
      },
      "fer": null
    },
    {
      "snr_db": -4.0,
      "ber": {
        "event_count": 12227,
        "total_trial_count": 5706631,
        "p_hat": 0.002142595166920728,
        "ci_low": 0.0021049918779048014,
        "ci_high": 0.0021808687279173842,
        "rel_half_width": 0.017706763084327934,
        "conf_level": 0.95
      },
      "ser": {
        "event_count": 6221,
        "total_trial_count": 815233,
        "p_hat": 0.007630947226130443,
        "ci_low": 0.007444353031449139,
        "ci_high": 0.007822181582650927,
        "rel_half_width": 0.024756333650690153,
        "conf_level": 0.95
      },
      "fer": null
    }
  ]
}